[{"id":"user-image-indir5.png","publicUrl":"np://user.desktop.nicepage.com/Site_12275903/images/indir5.png","size":156422,"hash":"UWWTJwDs0FLWwcGSP1UY+Bey9ac=","fileName":"indir5.png","name":"indir5","width":1200,"height":752,"thumbnail":{"url":"np://user.desktop.nicepage.com/Site_12275903/images/thumbnails/indir5.png","width":250,"height":157},"folderId":null,"usages":["1817120105"]},{"id":"user-image-photo-1557113166-6bf8102e535b.jpeg","publicUrl":"np://user.desktop.nicepage.com/Site_12275903/images/photo-1557113166-6bf8102e535b.jpeg","size":204147,"hash":"d76C6IIS4g63luWYS6cxKNKMOYw=","fileName":"photo-1557113166-6bf8102e535b.jpeg","name":"photo-1557113166-6bf8102e535b","width":1080,"height":1620,"thumbnail":{"url":"np://user.desktop.nicepage.com/Site_12275903/images/thumbnails/photo-1557113166-6bf8102e535b.jpeg","width":167,"height":250},"folderId":null,"originalUrl":"https://images.unsplash.com/photo-1557113166-6bf8102e535b?crop=entropy&cs=tinysrgb&fit=max&fm=jpg&ixid=M3w1NzgzNjl8MHwxfGNvbGxlY3Rpb258MjB8ODYwODA4NXx8fHx8Mnx8MTc1MjAxMDk0NXw&ixlib=rb-4.1.0&q=80&w=1080","usages":["994803992"]},{"id":"user-image-dijital-donusum-nedir-markalarin-dijital-donusum-sureci-1.jpeg","publicUrl":"np://user.desktop.nicepage.com/Site_12275903/images/dijital-donusum-nedir-markalarin-dijital-donusum-sureci-1.jpeg","size":90743,"hash":"jxGl8wd3pirBd++0xDYNzdBBSJI=","fileName":"dijital-donusum-nedir-markalarin-dijital-donusum-sureci-1.jpeg","name":"dijital-donusum-nedir-markalarin-dijital-donusum-sureci-1","width":1170,"height":700,"thumbnail":{"url":"np://user.desktop.nicepage.com/Site_12275903/images/thumbnails/dijital-donusum-nedir-markalarin-dijital-donusum-sureci-1.jpeg","width":250,"height":150},"folderId":null,"usages":["90383267"]},{"id":"user-image-bg3.jpg","publicUrl":"np://user.desktop.nicepage.com/Site_12275903/images/bg3.jpg","size":64920,"hash":"Yb8KAOIOuZHILTGYk7MR2iNfKXg=","fileName":"bg3.jpg","name":"bg3","width":1920,"height":480,"thumbnail":{"url":"np://user.desktop.nicepage.com/Site_12275903/images/thumbnails/bg3.jpg","width":250,"height":63},"folderId":null,"usages":["90383267"]},{"id":"user-image-datacenter.jpg","publicUrl":"np://user.desktop.nicepage.com/Site_12275903/images/datacenter.jpg","size":303729,"hash":"kvw3yPWwRlk0IEG4Um0YVjywS6Q=","fileName":"datacenter.jpg","name":"datacenter","width":1980,"height":890,"thumbnail":{"url":"np://user.desktop.nicepage.com/Site_12275903/images/thumbnails/datacenter.jpg","width":250,"height":112},"folderId":null,"usages":["994803992"]},{"id":"user-image-Futran-Blog-1-01-2.jpg","publicUrl":"np://user.desktop.nicepage.com/Site_12275903/images/Futran-Blog-1-01-2.jpg","size":238818,"hash":"bUyDA6FxtXb++mrTeVwAmeUDYe8=","fileName":"Futran-Blog-1-01-2.jpg","name":"Futran-Blog-1-01-2","width":1296,"height":722,"thumbnail":{"url":"np://user.desktop.nicepage.com/Site_12275903/images/thumbnails/Futran-Blog-1-01-2.jpg","width":250,"height":139},"folderId":null,"usages":["994803992"]},{"id":"user-image-Lonpc7bLxQ1na3RroNocrVZzfyeFZfMguYnDOUGqFoe8MJvEu8zKR2ekW7rpMKDcc0ZxRAutBlpeEDADClhvcWo4OIJCWA.jpeg","publicUrl":"np://user.desktop.nicepage.com/Site_12275903/images/Lonpc7bLxQ1na3RroNocrVZzfyeFZfMguYnDOUGqFoe8MJvEu8zKR2ekW7rpMKDcc0ZxRAutBlpeEDADClhvcWo4OIJCWA.jpeg","size":294380,"hash":"PMsyodMwpLGZ5pHUTxjYRceOKYQ=","fileName":"Lonpc7bLxQ1na3RroNocrVZzfyeFZfMguYnDOUGqFoe8MJvEu8zKR2ekW7rpMKDcc0ZxRAutBlpeEDADClhvcWo4OIJCWA.jpeg","name":"Lonpc7bLxQ1na3RroNocrVZzfyeFZfMguYnDOUGqFoe8MJvEu8zKR2ekW7rpMKDcc0ZxRAutBlpeEDADClhvcWo4OIJCWA","width":1597,"height":1000,"thumbnail":{"url":"np://user.desktop.nicepage.com/Site_12275903/images/thumbnails/Lonpc7bLxQ1na3RroNocrVZzfyeFZfMguYnDOUGqFoe8MJvEu8zKR2ekW7rpMKDcc0ZxRAutBlpeEDADClhvcWo4OIJCWA.jpeg","width":250,"height":157},"folderId":null,"usages":["994803992"]},{"id":"user-image-c7008ebf20bd5179054edcf0ac3b96c82855b2229d9dbfac328e6231c103535960797c5730b0157831da30ec23c30a869d8c0a5c5e37fb133d56fd_1280.jpg","publicUrl":"np://user.desktop.nicepage.com/Site_12275903/images/c7008ebf20bd5179054edcf0ac3b96c82855b2229d9dbfac328e6231c103535960797c5730b0157831da30ec23c30a869d8c0a5c5e37fb133d56fd_1280.jpg","size":458723,"hash":"7o2mFk3aKDjKDHiTztxm3e4IR4c=","fileName":"c7008ebf20bd5179054edcf0ac3b96c82855b2229d9dbfac328e6231c103535960797c5730b0157831da30ec23c30a869d8c0a5c5e37fb133d56fd_1280.jpg","name":"c7008ebf20bd5179054edcf0ac3b96c82855b2229d9dbfac328e6231c103535960797c5730b0157831da30ec23c30a869d8c0a5c5e37fb133d56fd_1280","width":1280,"height":722,"thumbnail":{"url":"np://user.desktop.nicepage.com/Site_12275903/images/thumbnails/c7008ebf20bd5179054edcf0ac3b96c82855b2229d9dbfac328e6231c103535960797c5730b0157831da30ec23c30a869d8c0a5c5e37fb133d56fd_1280.jpg","width":250,"height":141},"folderId":null,"usages":["994803992"]},{"id":"user-image-BB-Logo-.png","publicUrl":"np://user.desktop.nicepage.com/Site_12275903/images/BB-Logo-.png","size":99418,"hash":"wnA6C0MGj7kraab53BZFHIC+N/s=","fileName":"BB-Logo-.png","name":"BB-Logo-","width":639,"height":239,"thumbnail":{"url":"np://user.desktop.nicepage.com/Site_12275903/images/thumbnails/BB-Logo-.png","width":250,"height":94},"folderId":null,"usages":[]},{"id":"user-image-2591945.png","publicUrl":"np://user.desktop.nicepage.com/Site_12275903/images/2591945.png","size":4613,"hash":"QUBk79wmNy4JSxZfErOWmmh3bjY=","fileName":"2591945.png","name":"2591945","width":128,"height":128,"thumbnail":{"url":"np://user.desktop.nicepage.com/Site_12275903/images/thumbnails/2591945.png","width":128,"height":128,"length":4613,"type":"png"},"folderId":null,"originalUrl":"https://assets.nicepagecdn.com/11a8ddce/6361490/images/2591945.png","usages":["994803992"]},{"id":"user-image-3483127.png","publicUrl":"np://user.desktop.nicepage.com/Site_12275903/images/3483127.png","size":5557,"hash":"ZxaWB206XrbIOR69zZoDIBA7sYg=","fileName":"3483127.png","name":"3483127","width":128,"height":128,"thumbnail":{"url":"np://user.desktop.nicepage.com/Site_12275903/images/thumbnails/3483127.png","width":128,"height":128,"length":5557,"type":"png"},"folderId":null,"originalUrl":"https://assets.nicepagecdn.com/11a8ddce/6361490/images/3483127.png","usages":["994803992"]},{"id":"user-image-8593364.png","publicUrl":"np://user.desktop.nicepage.com/Site_12275903/images/8593364.png","size":5514,"hash":"+G40QD0Q4/bVDzlgQ89D5G0aDls=","fileName":"8593364.png","name":"8593364","width":128,"height":128,"thumbnail":{"url":"np://user.desktop.nicepage.com/Site_12275903/images/thumbnails/8593364.png","width":128,"height":128,"length":5514,"type":"png"},"folderId":null,"originalUrl":"https://assets.nicepagecdn.com/11a8ddce/6361490/images/8593364.png","usages":["994803992"]},{"id":"user-image-4944569.png","publicUrl":"np://user.desktop.nicepage.com/Site_12275903/images/4944569.png","size":5566,"hash":"BL/EKYdMdT7zMFcHp+PvsWRLSBk=","fileName":"4944569.png","name":"4944569","width":128,"height":128,"thumbnail":{"url":"np://user.desktop.nicepage.com/Site_12275903/images/thumbnails/4944569.png","width":128,"height":128,"length":5566,"type":"png"},"folderId":null,"originalUrl":"https://assets.nicepagecdn.com/11a8ddce/6361490/images/4944569.png","usages":["994803992","16987852"]},{"id":"user-image-1304170.png","publicUrl":"np://user.desktop.nicepage.com/Site_12275903/images/1304170.png","size":6506,"hash":"SXh+WIryVEk20b81rDaloM3QB1U=","fileName":"1304170.png","name":"1304170","width":128,"height":128,"thumbnail":{"url":"np://user.desktop.nicepage.com/Site_12275903/images/thumbnails/1304170.png","width":128,"height":128,"length":6506,"type":"png"},"folderId":null,"originalUrl":"https://assets.nicepagecdn.com/11a8ddce/6361490/images/1304170.png","usages":["994803992","16987852"]},{"id":"user-image-8637218.png","publicUrl":"np://user.desktop.nicepage.com/Site_12275903/images/8637218.png","size":7037,"hash":"VG94wCKxRJXaFwJXZvq26U2imdc=","fileName":"8637218.png","name":"8637218","width":128,"height":128,"thumbnail":{"url":"np://user.desktop.nicepage.com/Site_12275903/images/thumbnails/8637218.png","width":128,"height":128,"length":7037,"type":"png"},"folderId":null,"originalUrl":"https://assets.nicepagecdn.com/11a8ddce/6361490/images/8637218.png","usages":["994803992","16987852"]},{"id":"user-image-20959.png","publicUrl":"np://user.desktop.nicepage.com/Site_12275903/images/20959.png","size":787,"hash":"9Z1w09CASLiMExM69Bm+GlE09Yg=","fileName":"20959.png","name":"20959","width":128,"height":128,"thumbnail":{"url":"np://user.desktop.nicepage.com/Site_12275903/images/thumbnails/20959.png","width":128,"height":128,"length":787,"type":"png"},"folderId":null,"originalUrl":"https://assets.nicepagecdn.com/11a8ddce/6361490/images/20959.png","usages":["994803992"]},{"id":"user-image-photo-1667984390538-3dea7a3fe33d.jpeg","publicUrl":"np://user.desktop.nicepage.com/Site_12275903/images/photo-1667984390538-3dea7a3fe33d.jpeg","size":61744,"hash":"b5KWrZektOncn6idcj1DV9PaNfU=","fileName":"photo-1667984390538-3dea7a3fe33d.jpeg","name":"photo-1667984390538-3dea7a3fe33d","width":1080,"height":608,"thumbnail":{"url":"np://user.desktop.nicepage.com/Site_12275903/images/thumbnails/photo-1667984390538-3dea7a3fe33d.jpeg","width":250,"height":141},"folderId":null,"originalUrl":"https://images.unsplash.com/photo-1667984390538-3dea7a3fe33d?crop=entropy&cs=tinysrgb&fit=max&fm=jpg&ixid=M3w1NzgzNjl8MHwxfHNlYXJjaHwxfHxDbG91ZCUyMENvbXB1dGluZ3xlbnwwfHx8fDE3NTE5OTcwNTJ8MA&ixlib=rb-4.1.0&q=80&w=1080","usages":["994803992"]}]