[{"id":80275157,"title":"Blog Template","order":1,"templateKey":"blog","customTemplate":false,"customTemplateFilename":null,"pageLinks":[],"dateCreated":"2025-07-08T17:19:07.910Z","dateUpdated":"2025-07-08T17:19:09.929Z","folderId":null,"pageName":"Blog Template","serverPageId":null,"sectionCount":1,"status":2,"backwardUrl":null},{"id":64906959,"title":"Post Template","order":2,"templateKey":"post","customTemplate":false,"customTemplateFilename":null,"pageLinks":[],"dateCreated":"2025-07-08T17:19:08.094Z","dateUpdated":"2025-07-08T17:19:09.929Z","folderId":null,"pageName":"Post Template","serverPageId":null,"sectionCount":1,"status":2,"backwardUrl":null},{"id":78579044,"title":"Product List Template","order":3,"templateKey":"products","customTemplate":false,"customTemplateFilename":null,"pageLinks":[],"dateCreated":"2025-07-08T17:19:08.258Z","dateUpdated":"2025-07-08T17:19:09.930Z","folderId":null,"pageName":"Product List Template","serverPageId":null,"sectionCount":1,"status":2,"backwardUrl":null},{"id":756622226,"title":"Product Details Template","order":4,"templateKey":"product","customTemplate":false,"customTemplateFilename":null,"pageLinks":[],"dateCreated":"2025-07-08T17:19:08.448Z","dateUpdated":"2025-07-08T17:19:09.930Z","folderId":null,"pageName":"Product Details Template","serverPageId":null,"sectionCount":1,"status":2,"backwardUrl":null},{"id":116026069,"title":"Shopping Cart Template","order":5,"templateKey":"cart","customTemplate":false,"customTemplateFilename":null,"pageLinks":[],"dateCreated":"2025-07-08T17:19:08.654Z","dateUpdated":"2025-07-08T17:19:09.930Z","folderId":null,"pageName":"Shopping Cart Template","serverPageId":null,"sectionCount":1,"status":2,"backwardUrl":null},{"id":237595880,"title":"Checkout Template","order":6,"templateKey":"checkout","customTemplate":false,"customTemplateFilename":null,"pageLinks":[],"dateCreated":"2025-07-08T17:19:08.830Z","dateUpdated":"2025-07-08T17:19:09.930Z","folderId":null,"pageName":"Checkout Template","serverPageId":null,"sectionCount":1,"status":2,"backwardUrl":null},{"id":140095193,"title":"Login Template","order":7,"templateKey":"login","customTemplate":false,"customTemplateFilename":null,"pageLinks":[],"dateCreated":"2025-07-08T17:19:08.936Z","dateUpdated":"2025-07-08T17:19:09.930Z","folderId":null,"pageName":"Login Template","serverPageId":null,"sectionCount":1,"status":2,"backwardUrl":null},{"id":63490948,"title":"Search Page Template","order":8,"templateKey":"Search","customTemplate":false,"customTemplateFilename":null,"pageLinks":[],"dateCreated":"2025-07-08T17:19:09.013Z","dateUpdated":"2025-07-08T17:19:09.931Z","folderId":null,"pageName":"Search Page Template","serverPageId":null,"sectionCount":1,"status":2,"backwardUrl":null},{"id":15442371,"title":"Page Password Template","order":9,"templateKey":"password","customTemplate":false,"customTemplateFilename":null,"pageLinks":[],"dateCreated":"2025-07-08T17:19:09.102Z","dateUpdated":"2025-07-08T17:19:09.931Z","folderId":null,"pageName":"Page Password Template","serverPageId":null,"sectionCount":1,"status":2,"backwardUrl":null},{"id":2190193,"title":"404 Not Found Template","order":10,"templateKey":"404","customTemplate":false,"customTemplateFilename":null,"pageLinks":[],"dateCreated":"2025-07-08T17:19:09.181Z","dateUpdated":"2025-07-08T17:19:09.931Z","folderId":null,"pageName":"404 Not Found Template","serverPageId":null,"sectionCount":1,"status":2,"backwardUrl":null},{"id":6662255,"title":"Thank You Page Template","order":11,"templateKey":"ThankYou","customTemplate":false,"customTemplateFilename":null,"pageLinks":[],"dateCreated":"2025-07-08T17:19:09.256Z","dateUpdated":"2025-07-08T17:19:09.931Z","folderId":null,"pageName":"Thank You Page Template","serverPageId":null,"sectionCount":1,"status":2,"backwardUrl":null},{"id":16987852,"title":"Hizmetlerimiz","order":50,"templateKey":null,"customTemplate":false,"customTemplateFilename":null,"pageLinks":["994803992"],"dateCreated":"2025-07-08T17:19:10.674Z","dateUpdated":"2025-07-08T22:10:43.835Z","folderId":null,"pageName":"Hizmetlerimiz_16987852","serverPageId":null,"sectionCount":2,"status":2,"backwardUrl":null},{"id":90383267,"title":"Hakkimizda","order":100,"templateKey":null,"customTemplate":false,"customTemplateFilename":null,"pageLinks":["994803992","2201502878"],"dateCreated":"2025-07-08T17:19:09.306Z","dateUpdated":"2025-07-08T23:02:27.119Z","folderId":null,"pageName":"Hakkimizda_90383267","serverPageId":null,"sectionCount":2,"status":2,"backwardUrl":null},{"id":2201502878,"title":"İletişim","order":101,"templateKey":null,"customTemplate":false,"customTemplateFilename":null,"pageLinks":["994803992"],"dateCreated":"2025-07-08T17:19:09.348Z","dateUpdated":"2025-07-09T00:17:40.225Z","folderId":null,"pageName":"İletişim_2201502878","serverPageId":null,"sectionCount":2,"status":2,"backwardUrl":null},{"id":1817120105,"title":"Cozumlerimiz","order":102,"templateKey":null,"customTemplate":false,"customTemplateFilename":null,"pageLinks":["994803992"],"dateCreated":"2025-07-08T17:20:47.737Z","dateUpdated":"2025-07-08T23:06:38.986Z","folderId":null,"pageName":"Cozumlerimiz_1817120105","serverPageId":null,"sectionCount":1,"status":2,"backwardUrl":null},{"id":994803992,"title":"Anasayfa","order":103,"templateKey":null,"customTemplate":false,"customTemplateFilename":null,"pageLinks":["994803992","2201502878"],"dateCreated":"2025-07-08T18:40:30.975Z","dateUpdated":"2025-07-08T22:46:05.006Z","folderId":null,"pageName":"Anasayfa_994803992","serverPageId":null,"sectionCount":8,"status":2,"backwardUrl":null}]